index,family,material_group,case_id,input_points,v1_end_index,v1_end_strain,v2_end_index,v2_end_strain,reason,classification
0,plastic,PC,oxford_pc_fig5_50mm_min_test1,1068,1066,1.10471625,485,0.499505,cap,policy_difference
1,plastic,PC,oxford_pc_fig5_50mm_min_test2,1038,1035,1.0774975,480,0.49937125,cap,policy_difference
2,plastic,PC,oxford_pc_fig5_50mm_min_test3,2180,2178,1.13424875,960,0.49987,cap,policy_difference
3,plastic,PC,oxford_pc_fig5_5mm_min_test1,2180,2178,1.13424875,960,0.49987,cap,policy_difference
4,plastic,PC,oxford_pc_fig5_5mm_min_test2,2017,2015,1.0493475,960,0.4998675,cap,policy_difference
5,plastic,PLA,pla_solid_a,218,217,0.02938379275378602,217,0.02938379275378602,keep,numerical_match
6,plastic,PLA,pla_solid_b,328,327,0.027495495022366923,327,0.027495495022366923,keep,numerical_match
7,plastic,PLA,pla_solid_c,381,380,0.03016115875826,380,0.03016115875826,keep,numerical_match
8,plastic,PLA,pla_solid_d,410,409,0.03204963147817619,409,0.03204963147817619,keep,numerical_match
9,plastic,PMMA,C01APMMA,212,210,0.1626,210,0.1626,loss,numerical_match
10,plastic,PMMA,C01BPMMA,212,210,0.10490000000000001,210,0.10490000000000001,loss,numerical_match
11,plastic,PMMA,C02APMMA,277,275,0.036250000000000004,275,0.036250000000000004,loss,numerical_match
12,plastic,PMMA,M01APMMA,222,220,0.115,220,0.115,loss,numerical_match
13,plastic,PMMA,M01BPMMA,383,381,0.34340000000000004,381,0.34340000000000004,loss,numerical_match
14,plastic,PMMA,M01CPMMA,359,357,0.1753,357,0.1753,loss,numerical_match
15,plastic,PMMA,M01DPMMA,256,254,0.161,254,0.161,loss,numerical_match
16,plastic,PMMA,M02APMMA,197,195,0.09371000000000002,195,0.09371000000000002,loss,numerical_match
17,plastic,PMMA,M02CPMMA,98,96,0.04816,96,0.04816,loss,numerical_match
18,plastic,PMMA,M02DPMMA,436,434,0.3849,434,0.3849,loss,numerical_match
19,plastic,PMMA,M03DPMMA,432,430,0.1011,430,0.1011,loss,numerical_match
20,plastic,PMMA,M03PMMA,94,92,0.03698,92,0.03698,loss,numerical_match
21,plastic,PMMA,M04APMMA,281,279,0.2119,279,0.2119,loss,numerical_match
22,plastic,PMMA,M04CPMMA,350,349,0.005292,349,0.005292,keep,numerical_match
23,plastic,PMMA,M04DPMMA,131,129,0.02697,129,0.02697,loss,numerical_match
24,plastic,PMMA,M05APMMA,508,506,0.1293,506,0.1293,loss,numerical_match
25,plastic,PMMA,M05BPMMA,415,413,0.30860000000000004,413,0.30860000000000004,loss,numerical_match
26,plastic,PMMA,M05DPMMA,495,493,0.30150000000000005,493,0.30150000000000005,loss,numerical_match
27,plastic,PMMA,ME05CPMMA,572,570,0.5488000000000001,529,0.49990000000000007,cap,policy_difference
28,plastic,PMMA,M06APMMA,142,140,0.031330000000000004,140,0.031330000000000004,loss,numerical_match
29,plastic,PMMA,M06BPMMA,68,66,0.030090000000000002,66,0.030090000000000002,loss,numerical_match
30,plastic,PMMA,M06DPMMA,53,51,0.02261,51,0.02261,loss,numerical_match
31,plastic,PMMA,M07BPMMA,81,79,0.02229,79,0.02229,loss,numerical_match
32,plastic,PMMA,M07DPMMA,59,57,0.02441,57,0.02441,loss,numerical_match
33,plastic,PMMA,M08APMMA,78,76,0.02905,76,0.02905,loss,numerical_match
34,plastic,PMMA,M08BPMMA,80,78,0.025730000000000003,78,0.025730000000000003,loss,numerical_match
35,plastic,PMMA,M08CPMMA,67,65,0.02841,65,0.02841,loss,numerical_match
36,plastic,PMMA,M09BPMMA,204,202,0.08428999999999999,202,0.08428999999999999,loss,numerical_match
37,plastic,PMMA,M09CPMMA,127,125,0.06126,125,0.06126,loss,numerical_match
38,plastic,PMMA,M09DPMMA,206,204,0.1148,204,0.1148,loss,numerical_match
39,plastic,PMMA,M10APMMA,178,176,0.09035,176,0.09035,loss,numerical_match
40,plastic,PMMA,M10BPMMA,195,193,0.1406,193,0.1406,loss,numerical_match
41,plastic,PMMA,M10CPMMA,416,414,0.3693,414,0.3693,loss,numerical_match
42,plastic,PMMA,M10DPMMA,292,290,0.2141,290,0.2141,loss,numerical_match
43,plastic,PMMA,M11APMMA,177,175,0.030310000000000004,175,0.030310000000000004,loss,numerical_match
44,plastic,PMMA,M11BPMMA,118,116,0.03682,116,0.03682,loss,numerical_match
45,plastic,PMMA,M11CPMMA,95,93,0.04036,93,0.04036,loss,numerical_match
46,plastic,PMMA,M11DPMMA,110,108,0.033310000000000006,108,0.033310000000000006,loss,numerical_match
47,plastic,PMMA,M12BPMMA,73,71,0.03511,71,0.03511,loss,numerical_match
48,plastic,PMMA,M12CPMMA,62,60,0.029849999999999998,60,0.029849999999999998,loss,numerical_match
49,plastic,PMMA,M12DPMMA,84,82,0.03089,82,0.03089,loss,numerical_match
50,metal,s355,BAM-S355-Zx1,947,946,0.019252699999999998,946,0.019252699999999998,keep,numerical_match
51,metal,s355,BAM-S355-Zx2,1920,1919,0.0390402,1919,0.0390402,keep,numerical_match
52,metal,s355,BAM-S355-Zx3,1906,1905,0.039052399999999994,1905,0.039052399999999994,keep,numerical_match
53,metal,s355,BAM-S355-Zx4,1894,1893,0.0390355,1893,0.0390355,keep,numerical_match
54,metal,s355,BAM-S355-Zy1,1955,1954,0.0390765,1954,0.0390765,keep,numerical_match
55,metal,s355,BAM-S355-Zy2,1900,1899,0.039118599999999996,1899,0.039118599999999996,keep,numerical_match
56,metal,s355,BAM-S355-Zy3,1986,1985,0.0390603,1985,0.0390603,keep,numerical_match
57,metal,s355,BAM-S355-Zy4,1967,1966,0.039034900000000004,1966,0.039034900000000004,keep,numerical_match
58,metal,s355,BAM-S355-Zd2,2021,2020,0.0420444,2020,0.0420444,keep,numerical_match
59,metal,s355,BAM-S355-Zd3,2031,2030,0.0420562,2030,0.0420562,keep,numerical_match
60,metal,1018,MTIL-M01A1018CR_1,211,209,0.163,209,0.163,loss,numerical_match
61,metal,1018,MTIL-M01D1018CR_1,204,202,0.1599,202,0.1599,loss,numerical_match
62,metal,1018,MTIL-M02A1018CR_1,213,211,0.16109999999999997,211,0.16109999999999997,loss,numerical_match
63,metal,1018,MTIL-M02D1018CR_1,209,207,0.1589,207,0.1589,loss,numerical_match
64,metal,1018,MTIL-M03A1018CR_1,205,203,0.16109999999999997,203,0.16109999999999997,loss,numerical_match
65,metal,1018,MTIL-M03D1018CR_1,197,195,0.1576,195,0.1576,loss,numerical_match
66,metal,1018,MTIL-M04A1018CR_1,208,206,0.16,206,0.16,loss,numerical_match
67,metal,1018,MTIL-M04D1018CR_1,191,189,0.1591,189,0.1591,loss,numerical_match
68,metal,1018,MTIL-M05A1018CR_1,200,198,0.16189999999999996,198,0.16189999999999996,loss,numerical_match
69,metal,1018,MTIL-M05D1018CR_1,194,192,0.1576,192,0.1576,loss,numerical_match
70,metal,1018,MTIL-M06A1018CR_1,208,206,0.1613,206,0.1613,loss,numerical_match
71,metal,1018,MTIL-M06D1018CR_1,195,193,0.1583,193,0.1583,loss,numerical_match
72,metal,1018,MTIL-M07A1018CR_1,197,195,0.157,195,0.157,loss,numerical_match
73,metal,1018,MTIL-M07D1018CR_1,207,205,0.15799999999999997,205,0.15799999999999997,loss,numerical_match
74,metal,1018,MTIL-M08A1018CR_1,206,203,0.159,203,0.159,loss,numerical_match
75,metal,1018,MTIL-M08A1018_1,649,647,0.5279,629,0.49959999999999993,cap,policy_difference
76,metal,1018,MTIL-M08D1018CR_1,196,194,0.1574,194,0.1574,loss,numerical_match
77,metal,1018,MTIL-M09A1018CR_1,197,195,0.1597,195,0.1597,loss,numerical_match
78,metal,1018,MTIL-M09D1018CR_1,207,205,0.1422,205,0.1422,loss,numerical_match
79,metal,1018,MTIL-M10A1018CR_1,204,202,0.1627,202,0.1627,loss,numerical_match
80,metal,1018,MTIL-M10D1018CR_1,191,189,0.1577,189,0.1577,loss,numerical_match
81,metal,1018,MTIL-M11A1018CR_1,207,205,0.15940000000000001,205,0.15940000000000001,loss,numerical_match
82,metal,1018,MTIL-M11D1018CR_1,200,198,0.15860000000000002,198,0.15860000000000002,loss,numerical_match
83,metal,1018,MTIL-M12A1018CR_1,199,197,0.1612,197,0.1612,loss,numerical_match
84,metal,1018,MTIL-M12D1018CR_1,195,193,0.1592,193,0.1592,loss,numerical_match
85,metal,dp980,NIST-U00FeDP980R01T1.405W12.7,589,588,0.13220961350063673,588,0.13220961350063673,keep,numerical_match
86,metal,dp980,NIST-U00FeDP980R02T1.404W12.71,589,588,0.13031890324754808,588,0.13031890324754808,keep,numerical_match
87,metal,dp980,NIST-U00FeDP980R03T1.406W12.71,604,603,0.13283229517376346,603,0.13283229517376346,keep,numerical_match
88,metal,dp1180,NIST-U00FeDP1180R01T1.022W12.66,520,519,0.1086875423991936,519,0.1086875423991936,keep,numerical_match
89,metal,dp1180,NIST-U00FeDP1180R02T1.031W12.69,569,568,0.11627315632338109,568,0.11627315632338109,keep,numerical_match
90,metal,dp1180,NIST-U00FeDP1180R03T1.059W12.69,514,513,0.10635465062328847,513,0.10635465062328847,keep,numerical_match
91,metal,dp1180,NIST-U15FeDP1180R01T1.073W12.66,599,598,0.12370955307189196,598,0.12370955307189196,keep,numerical_match
92,metal,dp1180,NIST-U15FeDP1180R02T1.071W12.66,548,547,0.1139900108959815,547,0.1139900108959815,keep,numerical_match
93,metal,dp1180,NIST-U15FeDP1180R03T1.07W12.66,561,560,0.10827238669844237,560,0.10827238669844237,keep,numerical_match
94,metal,dp1180,NIST-U30FeDP1180R01T1.066W12.69,560,559,0.12028346664661693,559,0.12028346664661693,keep,numerical_match
95,metal,dp1180,NIST-U30FeDP1180R02T1.066W12.69,545,544,0.11537388468919585,544,0.11537388468919585,keep,numerical_match
96,metal,dp1180,NIST-U30FeDP1180R03T1.063W12.69,528,527,0.1072544769318441,527,0.1072544769318441,keep,numerical_match
97,metal,dp1180,NIST-U45FeDP1180R01T1.029W12.77,573,572,0.09881519593576,572,0.09881519593576,keep,numerical_match
98,metal,dp1180,NIST-U45FeDP1180R02T1.032W12.76,518,517,0.10917247605891961,517,0.10917247605891961,keep,numerical_match
99,metal,dp1180,NIST-U45FeDP1180R03T1.036W12.76,508,507,0.10331660073535992,507,0.10331660073535992,keep,numerical_match
100,metal,304l,SANDIA-304L-AD1,4980,4962,0.556458142952262,4730,0.49988492089328623,cap,policy_difference
101,metal,304l,SANDIA-304L-AD2,4983,4982,0.4974606947165844,4982,0.4974606947165844,keep,numerical_match
102,metal,304l,SANDIA-304L-AD3,1362,1359,0.30846536857852236,1157,0.4989596873995369,cap,policy_difference
103,metal,304l,SANDIA-304L-AR1,3007,3006,0.2692207318124983,3006,0.2692207318124983,keep,numerical_match
104,metal,304l,SANDIA-304L-AR2,4983,4982,0.4982088086982644,4982,0.4982088086982644,keep,numerical_match
105,metal,304l,SANDIA-304L-AR3,2607,2606,0.7548497578869258,2330,0.4996692145633029,cap,policy_difference
106,metal,304l,SANDIA-304L-AT1,4980,4979,0.5636575994821034,4730,0.49981440694632767,cap,policy_difference
107,metal,304l,SANDIA-304L-AT2,4983,4982,0.6087740887408163,4539,0.49995993509083225,cap,policy_difference
108,metal,304l,SANDIA-304L-AT3,3809,3808,0.6094222458101672,3662,0.49973913524129043,cap,policy_difference
109,metal,304l,SANDIA-304L-AT4,374,373,0.12188077401267511,373,0.12188077401267511,keep,numerical_match
110,metal,304l,SANDIA-304L-BD1,4942,4941,0.5709090090674998,4657,0.49987311973507886,cap,policy_difference
111,metal,304l,SANDIA-304L-BD2,3542,3541,0.2656517846286574,3354,0.49960305171183683,cap,policy_difference
112,metal,304l,SANDIA-304L-BD3,1941,1940,0.8078251876886294,1579,0.49981430188723386,cap,policy_difference
113,metal,304l,SANDIA-304L-BR1,4719,4718,0.5290432818831241,4618,0.4999380736114581,cap,policy_difference
114,metal,304l,SANDIA-304L-BR2,4864,4863,0.5712126517286789,4688,0.49971394537199887,cap,policy_difference
115,metal,304l,SANDIA-304L-BR3,1744,1743,0.7494982983002036,1565,0.4998323396870749,cap,policy_difference
116,metal,304l,SANDIA-304L-BT1,4813,4812,0.5518658162116872,4650,0.4998941899650453,cap,policy_difference
117,metal,304l,SANDIA-304L-BT2,4983,4982,0.12145408646805458,4982,0.12145408646805458,keep,numerical_match
118,metal,304l,SANDIA-304L-BT3,2587,2586,0.669608782948775,2466,0.49919732598492467,cap,policy_difference
119,metal,304l,SANDIA-304L-BT4,5275,5273,0.6171092699637112,5145,0.4993579424399592,cap,policy_difference
120,metal,304l,SANDIA-304L-CD1,4813,4812,0.3338217322509907,4594,0.4997686442664557,cap,policy_difference
121,metal,304l,SANDIA-304L-CD2,2758,2757,0.6039826940552157,2622,0.49945586760857374,cap,policy_difference
122,metal,304l,SANDIA-304L-CR1,4709,4708,0.5250790164925545,4618,0.4999616402556072,cap,policy_difference
123,metal,304l,SANDIA-304L-CR2,2541,2540,0.5638739611197735,2462,0.49974331768348174,cap,policy_difference
124,metal,304l,SANDIA-304L-CT1,4511,4510,0.4724062263469448,4510,0.4724062263469448,keep,numerical_match
125,metal,304l,SANDIA-304L-CT3,1628,1627,0.6716177587221256,1511,0.49962743850458,cap,policy_difference
126,metal,304l,SANDIA-304L-CT4,1701,1700,0.6143175065649102,1640,0.4996894298703473,cap,policy_difference
127,metal,304,MTIL-C01A304SS_1,671,669,0.5074,664,0.49929999999999997,cap,policy_difference
128,metal,304,MTIL-C01B304_1,632,630,0.554,594,0.49949999999999994,cap,policy_difference
129,metal,304,MTIL-C02A304_1,50,48,0.00022470000000000001,48,0.00022470000000000001,loss,numerical_match
130,metal,304,MTIL-C02C304_1,657,655,0.5506,622,0.49990000000000007,cap,policy_difference
131,metal,304,MTIL-C02D304_1,663,661,0.52,648,0.49949999999999994,cap,policy_difference
132,metal,304,MTIL-C03A304_1,618,616,0.5219,602,0.4994,cap,policy_difference
133,metal,304,MTIL-C03B304SS_1,631,629,0.5558999999999998,592,0.4996999999999999,cap,policy_difference
134,metal,304,MTIL-C03CSS304-01_1,642,640,0.5286,622,0.5,cap,policy_difference
135,metal,304,MTIL-C03D304_1,599,597,0.4638,597,0.4638,loss,numerical_match
136,metal,304,MTIL-C04A304_1,635,633,0.5517,599,0.49910000000000004,cap,policy_difference
137,metal,304,MTIL-C04C304_1,626,624,0.5131,616,0.4998,cap,policy_difference
138,metal,304,MTIL-C04D304_1,602,600,0.4698,600,0.4698,loss,numerical_match
139,metal,304,MTIL-C05A304_1,691,689,0.5076,684,0.4994,cap,policy_difference
140,metal,304,MTIL-C05B304_1,682,680,0.5684,634,0.4994,cap,policy_difference
141,metal,304,MTIL-C05C304_1,681,679,0.5724,630,0.4987,cap,policy_difference
142,metal,304,MTIL-C05D304_1,702,700,0.5619,658,0.49910000000000004,cap,policy_difference
143,metal,304,MTIL-C06A304_1,691,689,0.498,689,0.498,loss,numerical_match
144,metal,304,MTIL-C06B304SSAN_1,685,683,0.5203000000000001,670,0.49949999999999994,cap,policy_difference
145,metal,304,MTIL-C06C304_1,673,671,0.5902999999999999,609,0.499,cap,policy_difference
146,metal,304,MTIL-C06D304_1,680,678,0.5689,631,0.49910000000000004,cap,policy_difference
147,metal,304,MTIL-C07A304SS_1,678,676,0.4956,676,0.4956,loss,numerical_match
148,metal,304,MTIL-C07B304NM_1,677,675,0.5075,670,0.49920000000000003,cap,policy_difference
149,metal,304,MTIL-C07C304SS_1,660,658,0.5896,597,0.499,cap,policy_difference
150,metal,304,MTIL-C07D304SS_1,653,651,0.5552,614,0.4996999999999999,cap,policy_difference
151,metal,2024,MTIL-M01B2024CR_1,332,330,0.22440000000000002,330,0.22440000000000002,loss,numerical_match
152,metal,2024,MTIL-M01D2024_1,302,300,0.1961,300,0.1961,loss,numerical_match
153,metal,2024,MTIL-M02A2024_1,307,305,0.22,305,0.22,loss,numerical_match
154,metal,2024,MTIL-M02C2024T4_1,305,303,0.2001,303,0.2001,loss,numerical_match
155,metal,2024,MTIL-M03B2024_1,294,292,0.2145,292,0.2145,loss,numerical_match
156,metal,2024,MTIL-M03D2024_1,299,297,0.20920000000000002,297,0.20920000000000002,loss,numerical_match
157,metal,2024,MTIL-M04B2024_1,305,303,0.2147,303,0.2147,loss,numerical_match
158,metal,2024,MTIL-M04C2024NM_1,313,311,0.2344,311,0.2344,loss,numerical_match
159,metal,2024,MTIL-M05B2024_1,316,314,0.225,314,0.225,loss,numerical_match
160,metal,2024,MTIL-M05D2024_1,313,311,0.2163,311,0.2163,loss,numerical_match
161,metal,2024,MTIL-M06A2024T4_1,313,311,0.21809999999999996,311,0.21809999999999996,loss,numerical_match
162,metal,2024,MTIL-M06D2024T4_1,305,303,0.2186,303,0.2186,loss,numerical_match
163,metal,2024,MTIL-M07A2024Al_1,306,304,0.1766,304,0.1766,loss,numerical_match
164,metal,2024,MTIL-M07D2024_1,316,314,0.23450000000000001,314,0.23450000000000001,loss,numerical_match
165,metal,2024,MTIL-M08A2024_1,334,332,0.2083,332,0.2083,loss,numerical_match
166,metal,2024,MTIL-M08D2024_1,312,310,0.226,310,0.226,loss,numerical_match
167,metal,2024,MTIL-M09B2024_1,330,328,0.1743,328,0.1743,loss,numerical_match
168,metal,2024,MTIL-M09C2024_1,321,319,0.22409999999999997,319,0.22409999999999997,loss,numerical_match
169,metal,2024,MTIL-M10A2024_1,304,302,0.2145,302,0.2145,loss,numerical_match
170,metal,2024,MTIL-M10C2024_1,315,313,0.2189,313,0.2189,loss,numerical_match
171,metal,2024,MTIL-M11A2024_1,313,311,0.2147,311,0.2147,loss,numerical_match
172,metal,2024,MTIL-M11C2024_1,291,289,0.2192,289,0.2192,loss,numerical_match
173,metal,2024,MTIL-M12B2024_1,317,315,0.21659999999999996,315,0.21659999999999996,loss,numerical_match
174,metal,2024,MTIL-M12C2024_1,314,312,0.2071,312,0.2071,loss,numerical_match
175,metal,7075,MTIL-M01A7075_1,283,281,0.1597,281,0.1597,loss,numerical_match
176,metal,7075,MTIL-M01C7075T6_1,300,298,0.1645,298,0.1645,loss,numerical_match
177,metal,7075,MTIL-M02D7075T6_1,247,245,0.1484,245,0.1484,loss,numerical_match
178,metal,7075,MTIL-M037075_1,246,244,0.1673,244,0.1673,loss,numerical_match
179,metal,7075,MTIL-M03A7075_1,245,243,0.16869999999999996,243,0.16869999999999996,loss,numerical_match
180,metal,7075,MTIL-M04A7075T6_1,246,244,0.1591,244,0.1591,loss,numerical_match
181,metal,7075,MTIL-M04D7075_1,252,250,0.1564,250,0.1564,loss,numerical_match
182,metal,7075,MTIL-M05A7075_1,238,236,0.1265,236,0.1265,loss,numerical_match
183,metal,7075,MTIL-M05C7075_1,159,158,0.002364,158,0.002364,keep,numerical_match
184,metal,7075,MTIL-M06B7075T6_1,228,226,0.1514,226,0.1514,loss,numerical_match
185,metal,7075,MTIL-M06C7075_1,276,274,-0.02631,274,-0.02631,loss,numerical_match
186,metal,7075,MTIL-M07B7075_1,285,283,0.06987,283,0.06987,loss,numerical_match
187,metal,7075,MTIL-M07C7075_1,247,245,0.1591,245,0.1591,loss,numerical_match
188,metal,7075,MTIL-M08B7075_1,254,252,0.1379,252,0.1379,loss,numerical_match
189,metal,7075,MTIL-M08D7075_1,223,221,0.1308,221,0.1308,loss,numerical_match
190,metal,7075,MTIL-M09A7075_1,265,263,0.1483,263,0.1483,loss,numerical_match
191,metal,7075,MTIL-M09D7075NM_1,234,232,0.1528,232,0.1528,loss,numerical_match
192,metal,7075,MTIL-M10B7075_1,224,222,0.1534,222,0.1534,loss,numerical_match
193,metal,7075,MTIL-M10D7075_1,246,244,0.1637,244,0.1637,loss,numerical_match
194,metal,7075,MTIL-M11B7075_1,249,247,0.1482,247,0.1482,loss,numerical_match
195,metal,7075,MTIL-M11D7075_1,228,226,0.1576,226,0.1576,loss,numerical_match
196,metal,7075,MTIL-M12A7075_1,244,242,0.1637,242,0.1637,loss,numerical_match
197,metal,7075,MTIL-M12D7075_1,270,268,0.15169999999999997,268,0.15169999999999997,loss,numerical_match
